{"judge_model": "gpt-4o-mini", "hyde": false, "rerank": false, "similarity_threshold": 0.5, "scores": {"faithfulness": 0.6187070105820105, "answer_relevancy": 0.8451610954043723, "context_precision": 0.8503888888430245, "context_recall": 0.8694444444444446}}
{"judge_model": "gpt-4o-mini", "hyde": false, "rerank": true, "similarity_threshold": 0.5, "scores": {"faithfulness": 0.6393981481481482, "answer_relevancy": 0.8587639000747321, "context_precision": 0.9157685184683088, "context_recall": 0.9222222222222222}}
{"judge_model": "gpt-4o-mini", "hyde": false, "rerank": false, "contextualize_query": false, "similarity_threshold": 0.5, "scores": {"faithfulness": 0.6124627224627225, "answer_relevancy": 0.7952884947115711, "context_precision": 0.8461203703247775, "context_recall": 0.8861111111111112}}
{"judge_model": "gpt-4o-mini", "hyde": false, "rerank": true, "contextualize_query": false, "similarity_threshold": 0.5, "scores": {"faithfulness": 0.6604070466570466, "answer_relevancy": 0.8304115221953501, "context_precision": 0.9160185184682966, "context_recall": 0.8819444444444445}}
{"judge_model": "gpt-4o-mini", "hyde": true, "rerank": false, "contextualize_query": false, "similarity_threshold": 0.5, "scores": {"faithfulness": 0.6657704495939789, "answer_relevancy": 0.7586347575355846, "context_precision": 0.6764636951834267, "context_recall": 0.8777777777777779}}
{"judge_model": "gpt-4o-mini", "hyde": true, "rerank": true, "contextualize_query": false, "similarity_threshold": 0.5, "scores": {"faithfulness": 0.567228835978836, "answer_relevancy": 0.7926635096667822, "context_precision": 0.9176296295801833, "context_recall": 0.8986111111111111}}
{"judge_model": "gpt-4o-mini", "hyde": false, "rerank": false, "contextualize_query": false, "similarity_threshold": 0.5, "scores": {"faithfulness": 0.6976717375451552, "answer_relevancy": 0.7492139708570846, "context_precision": 0.8018776371022419, "context_recall": 0.798945147679325}}
{"judge_model": "gpt-4o-mini", "hyde": false, "rerank": true, "contextualize_query": false, "similarity_threshold": 0.5, "scores": {"faithfulness": 0.7421460774054142, "answer_relevancy": 0.7626113436616946, "context_precision": 0.851606891669526, "context_recall": 0.8217299578059072}}
{"judge_model": "gpt-4o-mini", "hyde": true, "rerank": false, "contextualize_query": false, "similarity_threshold": 0.5, "scores": {"faithfulness": 0.7118864960637111, "answer_relevancy": 0.6647159996809595, "context_precision": 0.7281660920828469, "context_recall": 0.8301687763713081}}
{"judge_model": "gpt-4o-mini", "hyde": true, "rerank": true, "contextualize_query": false, "similarity_threshold": 0.5, "scores": {"faithfulness": 0.7319194115638642, "answer_relevancy": 0.7720683880666342, "context_precision": 0.86270393808528, "context_recall": 0.820464135021097}}
{"judge_model": "gpt-4o-mini", "embedding_model": "bge-m3", "generation_model": "qwen2.5:7b", "hyde": false, "rerank": false, "contextualize_query": false, "similarity_threshold": 0.5, "scores": {"faithfulness": 0.7065357462509361, "answer_relevancy": 0.7890660702237183, "context_precision": 0.8042791842196493, "context_recall": 0.8035864978902953}}
{"judge_model": "gpt-4o-mini", "embedding_model": "bge-m3", "generation_model": "qwen2.5:7b", "hyde": false, "rerank": true, "contextualize_query": false, "similarity_threshold": 0.5, "scores": {"faithfulness": 0.7093843016348996, "answer_relevancy": 0.7339419140797757, "context_precision": 0.8626582278159819, "context_recall": 0.8227848101265823}}
{"judge_model": "gpt-4o-mini", "embedding_model": "bge-m3", "generation_model": "qwen2.5:7b", "hyde": true, "rerank": false, "contextualize_query": false, "similarity_threshold": 0.5, "scores": {"faithfulness": 0.67261063011063, "answer_relevancy": 0.7369582401197418, "context_precision": 0.7237978536852301, "context_recall": 0.7916666666666666}}
{"judge_model": "gpt-4o-mini", "embedding_model": "bge-m3", "generation_model": "qwen2.5:7b", "hyde": true, "rerank": true, "contextualize_query": false, "similarity_threshold": 0.5, "scores": {"faithfulness": 0.7378182647169989, "answer_relevancy": 0.8010012006326432, "context_precision": 0.8355203937822785, "context_recall": 0.8031645569620254}}
{"judge_model": "gpt-4o-mini", "embedding_model": "bge-m3", "generation_model": "mistral:7b", "hyde": false, "rerank": false, "contextualize_query": false, "similarity_threshold": 0.5, "scores": {"faithfulness": 0.6865507548214176, "answer_relevancy": 0.8493493511148149, "context_precision": 0.803681434572001, "context_recall": 0.8069620253164557}}
{"judge_model": "gpt-4o-mini", "embedding_model": "bge-m3", "generation_model": "mistral:7b", "hyde": false, "rerank": true, "contextualize_query": false, "similarity_threshold": 0.5, "scores": {"faithfulness": 0.6408462318272444, "answer_relevancy": 0.8353763747708018, "context_precision": 0.852137834006187, "context_recall": 0.8312236286919832}}
{"judge_model": "gpt-4o-mini", "embedding_model": "bge-m3", "generation_model": "mistral:7b", "hyde": true, "rerank": false, "contextualize_query": false, "similarity_threshold": 0.5, "scores": {"faithfulness": 0.6167193383539536, "answer_relevancy": 0.7686653452889214, "context_precision": 0.6875391104867378, "context_recall": 0.8141025641025641}}
{"judge_model": "gpt-4o-mini", "embedding_model": "bge-m3", "generation_model": "mistral:7b", "hyde": true, "rerank": true, "contextualize_query": false, "similarity_threshold": 0.5, "scores": {"faithfulness": 0.6312942805120527, "answer_relevancy": 0.8562775384552379, "context_precision": 0.8491595441303946, "context_recall": 0.8166666666666667}}
{"judge_model": "gpt-4o-mini", "embedding_model": "bge-m3", "generation_model": "gemma2:9b", "hyde": false, "rerank": false, "contextualize_query": false, "similarity_threshold": 0.5, "scores": {"faithfulness": 0.6730921329022596, "answer_relevancy": 0.7036546604089687, "context_precision": 0.8217369901260223, "context_recall": 0.8132911392405063}}
{"judge_model": "gpt-4o-mini", "embedding_model": "bge-m3", "generation_model": "gemma2:9b", "hyde": false, "rerank": true, "contextualize_query": false, "similarity_threshold": 0.5, "scores": {"faithfulness": 0.6217390638649015, "answer_relevancy": 0.7149986007358223, "context_precision": 0.8780063290805968, "context_recall": 0.8137130801687763}}
{"judge_model": "gpt-4o-mini", "embedding_model": "bge-m3", "generation_model": "gemma2:9b", "hyde": true, "rerank": false, "contextualize_query": false, "similarity_threshold": 0.5, "scores": {"faithfulness": 0.7135860400283477, "answer_relevancy": 0.6550214036421523, "context_precision": 0.7001950810810746, "context_recall": 0.7962025316455696}}
{"judge_model": "gpt-4o-mini", "embedding_model": "bge-m3", "generation_model": "gemma2:9b", "hyde": true, "rerank": true, "contextualize_query": false, "similarity_threshold": 0.5, "scores": {"faithfulness": 0.6512794945428091, "answer_relevancy": 0.7093744867866264, "context_precision": 0.8390135327319745, "context_recall": 0.8031645569620254}}
